entity	rule	state
ifcadvancedbrep	HasAdvancedFaces	implemented
ifcadvancedbrepwithvoids	VoidsHaveAdvancedFaces	implemented
ifcaxis1placement	AxisIs3D	implemented
ifcaxis1placement	LocationIs3D	implemented
ifcaxis2placement2d	LocationIs2D	implemented
ifcaxis2placement2d	RefDirIs2D	implemented
ifcaxis2placement3d	AxisAndRefDirProvision	implemented
ifcaxis2placement3d	AxisIs3D	implemented
ifcaxis2placement3d	AxisToRefDirPosition	implemented
ifcaxis2placement3d	LocationIs3D	implemented
ifcaxis2placement3d	RefDirIs3D	implemented
ifcbooleanclippingresult	FirstOperandType	implemented
ifcbooleanclippingresult	OperatorType	implemented
ifcbooleanclippingresult	SecondOperandType	implemented
ifcbooleanresult	FirstOperandClosed	implemented
ifcbooleanresult	SameDim	implemented
ifcbooleanresult	SecondOperandClosed	implemented
ifcboundarycurve	IsClosed	implemented
ifcboxedhalfspace	UnboundedSurface	implemented
ifcbsplinecurve	SameDim	implemented
ifcbsplinecurvewithknots	ConsistentBSpline	implemented
ifcbsplinecurvewithknots	CorrespondingKnotLists	implemented
ifcbsplinesurfacewithknots	CorrespondingULists	implemented
ifcbsplinesurfacewithknots	CorrespondingVLists	implemented
ifcbsplinesurfacewithknots	UDirectionConstraints	implemented
ifcbsplinesurfacewithknots	VDirectionConstraints	implemented
ifccartesianpoint	CP2Dor3D	implemented
ifccartesiantransformationoperator	ScaleGreaterZero	implemented
ifccartesiantransformationoperator2d	Axis1Is2D	implemented
ifccartesiantransformationoperator2d	Axis2Is2D	implemented
ifccartesiantransformationoperator2d	DimEqual2	implemented
ifccartesiantransformationoperator2dnonuniform	Scale2GreaterZero	implemented
ifccartesiantransformationoperator3d	Axis1Is3D	implemented
ifccartesiantransformationoperator3d	Axis2Is3D	implemented
ifccartesiantransformationoperator3d	Axis3Is3D	implemented
ifccartesiantransformationoperator3d	DimIs3D	implemented
ifccartesiantransformationoperator3dnonuniform	Scale2GreaterZero	implemented
ifccartesiantransformationoperator3dnonuniform	Scale3GreaterZero	implemented
ifccompositecurve	CurveContinuous	implemented
ifccompositecurve	SameDim	implemented
ifccompositecurveonsurface	SameSurface	implemented
ifccompositecurvesegment	ParentIsBoundedCurve	implemented
ifcdirection	MagnitudeGreaterZero	implemented
ifcextrudedareasolid	ValidExtrusionDirection	implemented
ifcextrudedareasolidtapered	CorrectProfileAssignment	implemented
ifcfixedreferencesweptareasolid	DirectrixBounded	implemented
ifcgeometriccurveset	NoSurfaces	implemented
ifcgeometricset	ConsistentDim	implemented
ifcgridaxis	WR1	implemented
ifcgridaxis	WR2	implemented
ifcindexedpolycurve	Consecutive	implemented
ifcintersectioncurve	DistinctSurfaces	implemented
ifcintersectioncurve	TwoPCurves	implemented
ifcline	SameDim	implemented
ifclocalplacement	WR21	implemented
ifcoffsetcurve2d	DimIs2D	implemented
ifcoffsetcurve3d	DimIs2D	implemented
ifcpcurve	DimIs2D	implemented
ifcpolygonalboundedhalfspace	BoundaryDim	implemented
ifcpolygonalboundedhalfspace	BoundaryType	implemented
ifcpolyline	SameDim	implemented
ifcrationalbsplinecurvewithknots	SameNumOfWeightsAndPoints	implemented
ifcrationalbsplinecurvewithknots	WeightsGreaterZero	implemented
ifcrationalbsplinesurfacewithknots	CorrespondingWeightsDataLists	implemented
ifcrationalbsplinesurfacewithknots	WeightValuesGreaterZero	implemented
ifcrectangulartrimmedsurface	U1AndU2Different	implemented
ifcrectangulartrimmedsurface	UsenseCompatible	implemented
ifcrectangulartrimmedsurface	V1AndV2Different	implemented
ifcrectangulartrimmedsurface	VsenseCompatible	implemented
ifcreparametrisedcompositecurvesegment	PositiveLengthParameter	implemented
ifcrepresentationmap	ApplicableMappedRepr	implemented
ifcrevolvedareasolid	AxisDirectionInXY	implemented
ifcrevolvedareasolid	AxisStartInXY	implemented
ifcrevolvedareasolidtapered	CorrectProfileAssignment	implemented
ifcseamcurve	SameSurface	implemented
ifcseamcurve	TwoPCurves	implemented
ifcsectionedspine	ConsistentProfileTypes	implemented
ifcsectionedspine	CorrespondingSectionPositions	implemented
ifcsectionedspine	SpineCurveDim	implemented
ifcsurfacecurve	CurveIs3D	implemented
ifcsurfacecurve	CurveIsNotPcurve	implemented
ifcsurfacecurvesweptareasolid	DirectrixBounded	implemented
ifcsurfaceoflinearextrusion	DepthGreaterZero	implemented
ifcsweptareasolid	SweptAreaType	implemented
ifcsweptdisksolid	DirectrixBounded	implemented
ifcsweptdisksolid	DirectrixDim	implemented
ifcsweptdisksolid	InnerRadiusSize	implemented
ifcsweptdisksolidpolygonal	CorrectRadii	implemented
ifcsweptdisksolidpolygonal	DirectrixIsPolyline	implemented
ifcsweptsurface	SweptCurveType	implemented
ifctoroidalsurface	MajorLargerMinor	implemented
ifctrimmedcurve	NoTrimOfBoundedCurves	implemented
ifctrimmedcurve	Trim1ValuesConsistent	implemented
ifctrimmedcurve	Trim2ValuesConsistent	implemented
ifcvector	MagGreaterOrEqualZero	implemented
